Days,Gregs,Cades
1,1,6.411822529
2,1.414213562,7.170085972
3,1.732050808,9.931045361
4,2,12.4879341
5,2.236067977,14.46292916
6,2.449489743,16.12137898
7,2.645751311,17.3886357
8,2.828427125,18.71253985